starttime,location,value
10/19/2021 0:00,Broadway/35th St,2.796912
10/19/2021 0:00,Queens College,2.52744
10/19/2021 0:00,Cross Bronx Expy,3.528336
10/19/2021 0:00,Queensboro Bridge,2.758416
10/19/2021 0:00,Williamsburg Bridge,3.711192
10/19/2021 0:00,Manhattan Bridge,3.422472
10/19/2021 1:00,Broadway/35th St,3.0775875
10/19/2021 1:00,Queens College,2.52825
10/19/2021 1:00,Cross Bronx Expy,3.2703375
10/19/2021 1:00,Queensboro Bridge,2.75955
10/19/2021 1:00,Williamsburg Bridge,3.588375
10/19/2021 1:00,Manhattan Bridge,3.0775875
10/19/2021 2:00,Broadway/35th St,2.991822
10/19/2021 2:00,Queens College,2.605962
10/19/2021 2:00,Cross Bronx Expy,3.68637
10/19/2021 2:00,Queensboro Bridge,2.895357
10/19/2021 2:00,Williamsburg Bridge,4.0625835
10/19/2021 2:00,Manhattan Bridge,3.821421
10/19/2021 3:00,Broadway/35th St,3.282459
10/19/2021 3:00,Queens College,2.7900285
10/19/2021 3:00,Cross Bronx Expy,3.996966
10/19/2021 3:00,Queensboro Bridge,3.5238465
10/19/2021 3:00,Williamsburg Bridge,4.730784
10/19/2021 3:00,Manhattan Bridge,5.0107935
10/19/2021 4:00,Broadway/35th St,3.8539065
10/19/2021 4:00,Queens College,3.1387335
10/19/2021 4:00,Cross Bronx Expy,4.868679
10/19/2021 4:00,Queensboro Bridge,3.1000755
10/19/2021 4:00,Williamsburg Bridge,4.0665255
10/19/2021 4:00,Manhattan Bridge,4.84935
10/19/2021 5:00,Broadway/35th St,4.3393545
10/19/2021 5:00,Queens College,4.1071905
10/19/2021 5:00,Cross Bronx Expy,4.7456415
10/19/2021 5:00,Queensboro Bridge,3.284943
10/19/2021 5:00,Williamsburg Bridge,5.8290735
10/19/2021 5:00,Manhattan Bridge,6.78675
10/19/2021 6:00,Broadway/35th St,7.640664
10/19/2021 6:00,Queens College,3.169428
10/19/2021 6:00,Cross Bronx Expy,5.201808
10/19/2021 6:00,Queensboro Bridge,4.582416
10/19/2021 6:00,Williamsburg Bridge,5.588928
10/19/2021 6:00,Manhattan Bridge,6.808356
10/19/2021 7:00,Broadway/35th St,6.415707
10/19/2021 7:00,Queens College,4.972344
10/19/2021 7:00,Cross Bronx Expy,4.972344
10/19/2021 7:00,Queensboro Bridge,4.546116
10/19/2021 7:00,Williamsburg Bridge,5.72793
10/19/2021 7:00,Manhattan Bridge,6.512577
10/19/2021 8:00,Broadway/35th St,5.110896
10/19/2021 8:00,Queens College,4.073424
10/19/2021 8:00,Cross Bronx Expy,6.36168
10/19/2021 8:00,Queensboro Bridge,5.033328
10/19/2021 8:00,Williamsburg Bridge,6.94344
10/19/2021 8:00,Manhattan Bridge,6.982224
10/19/2021 9:00,Broadway/35th St,5.586
10/19/2021 9:00,Queens College,4.257648
10/19/2021 9:00,Cross Bronx Expy,5.1012
10/19/2021 9:00,Queensboro Bridge,4.461264
10/19/2021 9:00,Williamsburg Bridge,13.022832
10/19/2021 9:00,Manhattan Bridge,7.108272
10/19/2021 10:00,Broadway/35th St,5.24817
10/19/2021 10:00,Queens College,4.122912
10/19/2021 10:00,Cross Bronx Expy,5.1220635
10/19/2021 10:00,Queensboro Bridge,4.1132115
10/19/2021 10:00,Williamsburg Bridge,6.625641
10/19/2021 10:00,Manhattan Bridge,7.304676
10/19/2021 11:00,Broadway/35th St,5.771997
10/19/2021 11:00,Queens College,4.0938105
10/19/2021 11:00,Cross Bronx Expy,5.2966725
10/19/2021 11:00,Queensboro Bridge,4.3848255
10/19/2021 11:00,Williamsburg Bridge,6.179418
10/19/2021 11:00,Manhattan Bridge,8.0710155
10/19/2021 12:00,Broadway/35th St,6.148368
10/19/2021 12:00,Queens College,4.723056
10/19/2021 12:00,Cross Bronx Expy,4.8588
10/19/2021 12:00,Queensboro Bridge,4.897584
10/19/2021 12:00,Williamsburg Bridge,6.885264
10/19/2021 12:00,Manhattan Bridge,7.147056
10/19/2021 13:00,Broadway/35th St,5.8907775
10/19/2021 13:00,Queens College,5.16459
10/19/2021 13:00,Cross Bronx Expy,4.77729
10/19/2021 13:00,Queensboro Bridge,4.409355
10/19/2021 13:00,Williamsburg Bridge,6.5685525
10/19/2021 13:00,Manhattan Bridge,5.997285
10/19/2021 14:00,Broadway/35th St,5.31168
10/19/2021 14:00,Queens College,3.90132
10/19/2021 14:00,Cross Bronx Expy,4.54854
10/19/2021 14:00,Queensboro Bridge,4.38432
10/19/2021 14:00,Williamsburg Bridge,6.06516
10/19/2021 14:00,Manhattan Bridge,6.09414
10/19/2021 15:00,Broadway/35th St,4.663968
10/19/2021 15:00,Queens College,3.740064
10/19/2021 15:00,Cross Bronx Expy,4.250136
10/19/2021 15:00,Queensboro Bridge,4.40412
10/19/2021 15:00,Williamsburg Bridge,5.684112
10/19/2021 15:00,Manhattan Bridge,5.712984
10/19/2021 16:00,Broadway/35th St,5.171568
10/19/2021 16:00,Queens College,3.982656
10/19/2021 16:00,Cross Bronx Expy,4.567524
10/19/2021 16:00,Queensboro Bridge,4.912692
10/19/2021 16:00,Williamsburg Bridge,6.12078
10/19/2021 16:00,Manhattan Bridge,6.628944
10/19/2021 17:00,Broadway/35th St,5.0911275
10/19/2021 17:00,Queens College,4.43235
10/19/2021 17:00,Cross Bronx Expy,4.66149
10/19/2021 17:00,Queensboro Bridge,5.88357
10/19/2021 17:00,Williamsburg Bridge,7.33479
10/19/2021 17:00,Manhattan Bridge,8.766915
10/19/2021 18:00,Broadway/35th St,5.758698
10/19/2021 18:00,Queens College,4.89438
10/19/2021 18:00,Cross Bronx Expy,3.583656
10/19/2021 18:00,Queensboro Bridge,6.528036
10/19/2021 18:00,Williamsburg Bridge,9.367938
10/19/2021 18:00,Manhattan Bridge,9.291954
10/19/2021 19:00,Broadway/35th St,5.688042
10/19/2021 19:00,Queens College,5.499252
10/19/2021 19:00,Cross Bronx Expy,3.988932
10/19/2021 19:00,Queensboro Bridge,7.179483
10/19/2021 19:00,Williamsburg Bridge,7.9818405
10/19/2021 19:00,Manhattan Bridge,8.9257905
10/19/2021 20:00,Broadway/35th St,5.569329
10/19/2021 20:00,Queens College,6.113166
10/19/2021 20:00,Cross Bronx Expy,5.419305
10/19/2021 20:00,Queensboro Bridge,5.8412475
10/19/2021 20:00,Williamsburg Bridge,7.7915595
10/19/2021 20:00,Manhattan Bridge,7.838442
10/19/2021 21:00,Broadway/35th St,5.39766
10/19/2021 21:00,Queens College,5.453568
10/19/2021 21:00,Cross Bronx Expy,4.195638
10/19/2021 21:00,Queensboro Bridge,5.44425
10/19/2021 21:00,Williamsburg Bridge,6.478548
10/19/2021 21:00,Manhattan Bridge,6.730134
10/19/2021 22:00,Broadway/35th St,4.754265
10/19/2021 22:00,Queens College,4.80054
10/19/2021 22:00,Cross Bronx Expy,4.957875
10/19/2021 22:00,Queensboro Bridge,5.198505
10/19/2021 22:00,Williamsburg Bridge,10.899585
10/19/2021 22:00,Manhattan Bridge,5.76306
10/19/2021 23:00,Broadway/35th St,4.52376
10/19/2021 23:00,Queens College,4.413456
10/19/2021 23:00,Cross Bronx Expy,4.358304
10/19/2021 23:00,Queensboro Bridge,4.643256
10/19/2021 23:00,Williamsburg Bridge,8.1546
10/19/2021 23:00,Manhattan Bridge,5.746296
10/20/2021 0:00,Broadway/35th St,4.4799795
10/20/2021 0:00,Queens College,4.4982465
10/20/2021 0:00,Cross Bronx Expy,5.4481305
10/20/2021 0:00,Queensboro Bridge,4.361244
10/20/2021 0:00,Williamsburg Bridge,5.493798
10/20/2021 0:00,Manhattan Bridge,5.457264
10/20/2021 1:00,Broadway/35th St,4.6466115
10/20/2021 1:00,Queens College,4.4105445
10/20/2021 1:00,Cross Bronx Expy,8.160378
10/20/2021 1:00,Queensboro Bridge,4.655691
10/20/2021 1:00,Williamsburg Bridge,5.618118
10/20/2021 1:00,Manhattan Bridge,5.2095405
10/20/2021 2:00,Broadway/35th St,4.45131
10/20/2021 2:00,Queens College,4.5687
10/20/2021 2:00,Cross Bronx Expy,6.43791
10/20/2021 2:00,Queensboro Bridge,4.50549
10/20/2021 2:00,Williamsburg Bridge,5.59812
10/20/2021 2:00,Manhattan Bridge,5.21886
10/20/2021 3:00,Broadway/35th St,4.4375985
10/20/2021 3:00,Queens College,4.428618
10/20/2021 3:00,Cross Bronx Expy,7.3293195
10/20/2021 3:00,Queensboro Bridge,4.7968185
10/20/2021 3:00,Williamsburg Bridge,5.5511805
10/20/2021 3:00,Manhattan Bridge,5.632005
10/20/2021 4:00,Broadway/35th St,4.79292
10/20/2021 4:00,Queens College,4.56942
10/20/2021 4:00,Cross Bronx Expy,7.46598
10/20/2021 4:00,Queensboro Bridge,4.73034
10/20/2021 4:00,Williamsburg Bridge,6.0624
10/20/2021 4:00,Manhattan Bridge,6.39318
10/20/2021 5:00,Broadway/35th St,4.869036
10/20/2021 5:00,Queens College,4.8245385
10/20/2021 5:00,Cross Bronx Expy,7.3163985
10/20/2021 5:00,Queensboro Bridge,4.5397545
10/20/2021 5:00,Williamsburg Bridge,6.9070215
10/20/2021 5:00,Manhattan Bridge,8.2953435
10/20/2021 6:00,Broadway/35th St,5.732793
10/20/2021 6:00,Queens College,5.927691
10/20/2021 6:00,Cross Bronx Expy,6.893322
10/20/2021 6:00,Queensboro Bridge,4.731726
10/20/2021 6:00,Williamsburg Bridge,8.346198
10/20/2021 6:00,Manhattan Bridge,8.833443
10/20/2021 7:00,Broadway/35th St,6.462768
10/20/2021 7:00,Queens College,6.462768
10/20/2021 7:00,Cross Bronx Expy,7.969962
10/20/2021 7:00,Queensboro Bridge,5.969184
10/20/2021 7:00,Williamsburg Bridge,8.69271
10/20/2021 7:00,Manhattan Bridge,9.212736
10/20/2021 8:00,Broadway/35th St,7.6206315
10/20/2021 8:00,Queens College,7.769628
10/20/2021 8:00,Cross Bronx Expy,6.9895875
10/20/2021 8:00,Queensboro Bridge,6.33225
10/20/2021 8:00,Williamsburg Bridge,8.6022555
10/20/2021 8:00,Manhattan Bridge,10.030869
10/20/2021 9:00,Broadway/35th St,7.0509075
10/20/2021 9:00,Queens College,7.042188
10/20/2021 9:00,Cross Bronx Expy,7.2252975
10/20/2021 9:00,Queensboro Bridge,6.623652
10/20/2021 9:00,Williamsburg Bridge,9.919623
10/20/2021 9:00,Manhattan Bridge,11.1141945
10/20/2021 10:00,Broadway/35th St,6.30234
10/20/2021 10:00,Queens College,7.31673
10/20/2021 10:00,Cross Bronx Expy,7.22136
10/20/2021 10:00,Queensboro Bridge,6.12894
10/20/2021 10:00,Williamsburg Bridge,8.40048
10/20/2021 10:00,Manhattan Bridge,10.62867
10/20/2021 11:00,Broadway/35th St,6.725757
10/20/2021 11:00,Queens College,6.77748
10/20/2021 11:00,Cross Bronx Expy,6.9757515
10/20/2021 11:00,Queensboro Bridge,5.674056
10/20/2021 11:00,Williamsburg Bridge,8.691231
10/20/2021 11:00,Manhattan Bridge,9.380871
10/20/2021 12:00,Broadway/35th St,6.9100035
10/20/2021 12:00,Queens College,6.4645455
10/20/2021 12:00,Cross Bronx Expy,6.113319
10/20/2021 12:00,Queensboro Bridge,5.9676885
10/20/2021 12:00,Williamsburg Bridge,7.980816
10/20/2021 12:00,Manhattan Bridge,8.8460325
10/20/2021 13:00,Broadway/35th St,6.6233625
10/20/2021 13:00,Queens College,5.2954125
10/20/2021 13:00,Cross Bronx Expy,5.8998
10/20/2021 13:00,Queensboro Bridge,5.4912
10/20/2021 13:00,Williamsburg Bridge,8.027925
10/20/2021 13:00,Manhattan Bridge,7.6278375
10/20/2021 14:00,Broadway/35th St,6.613113
10/20/2021 14:00,Queens College,4.810494
10/20/2021 14:00,Cross Bronx Expy,5.402904
10/20/2021 14:00,Queensboro Bridge,5.546775
10/20/2021 14:00,Williamsburg Bridge,7.755618
10/20/2021 14:00,Manhattan Bridge,7.36632
10/20/2021 15:00,Broadway/35th St,5.28531
10/20/2021 15:00,Queens College,4.47675
10/20/2021 15:00,Cross Bronx Expy,5.201085
10/20/2021 15:00,Queensboro Bridge,4.10616
10/20/2021 15:00,Williamsburg Bridge,7.9215525
10/20/2021 15:00,Manhattan Bridge,7.84575
10/20/2021 16:00,Broadway/35th St,8.7201165
10/20/2021 16:00,Queens College,4.2011265
10/20/2021 16:00,Cross Bronx Expy,5.6237715
10/20/2021 16:00,Queensboro Bridge,4.6530255
10/20/2021 16:00,Williamsburg Bridge,7.5485265
10/20/2021 16:00,Manhattan Bridge,9.0548565
10/20/2021 17:00,Broadway/35th St,7.715067
10/20/2021 17:00,Queens College,5.11122
10/20/2021 17:00,Cross Bronx Expy,6.092862
10/20/2021 17:00,Queensboro Bridge,7.19097
10/20/2021 17:00,Williamsburg Bridge,9.295677
10/20/2021 17:00,Manhattan Bridge,10.368828
10/20/2021 18:00,Broadway/35th St,7.08267
10/20/2021 18:00,Queens College,7.2234045
10/20/2021 18:00,Cross Bronx Expy,8.4982935
10/20/2021 18:00,Queensboro Bridge,8.158875
10/20/2021 18:00,Williamsburg Bridge,8.9950035
10/20/2021 18:00,Manhattan Bridge,13.0680255
10/20/2021 19:00,Broadway/35th St,6.6451035
10/20/2021 19:00,Queens College,7.0246725
10/20/2021 19:00,Cross Bronx Expy,6.8596425
10/20/2021 19:00,Queensboro Bridge,6.851391
10/20/2021 19:00,Williamsburg Bridge,8.732733
10/20/2021 19:00,Manhattan Bridge,11.4309735
10/20/2021 20:00,Broadway/35th St,6.13398
10/20/2021 20:00,Queens College,6.81624
10/20/2021 20:00,Cross Bronx Expy,6.81624
10/20/2021 20:00,Queensboro Bridge,6.85734
10/20/2021 20:00,Williamsburg Bridge,8.55066
10/20/2021 20:00,Manhattan Bridge,8.51778
10/20/2021 21:00,Broadway/35th St,5.87832
10/20/2021 21:00,Queens College,6.033816
10/20/2021 21:00,Cross Bronx Expy,7.130472
10/20/2021 21:00,Queensboro Bridge,5.984712
10/20/2021 21:00,Williamsburg Bridge,8.677248
10/20/2021 21:00,Manhattan Bridge,7.613328
10/20/2021 22:00,Broadway/35th St,5.441196
10/20/2021 22:00,Queens College,5.555394
10/20/2021 22:00,Cross Bronx Expy,7.072596
10/20/2021 22:00,Queensboro Bridge,5.473824
10/20/2021 22:00,Williamsburg Bridge,7.684371
10/20/2021 22:00,Manhattan Bridge,7.056282
10/20/2021 23:00,Broadway/35th St,5.6349285
10/20/2021 23:00,Queens College,5.8301565
10/20/2021 23:00,Cross Bronx Expy,7.8963195
10/20/2021 23:00,Queensboro Bridge,5.5861215
10/20/2021 23:00,Williamsburg Bridge,7.595343
10/20/2021 23:00,Manhattan Bridge,8.7911145
10/21/2021 0:00,Broadway/35th St,5.2659675
10/21/2021 0:00,Queens College,6.1415775
10/21/2021 0:00,Cross Bronx Expy,7.641465
10/21/2021 0:00,Queensboro Bridge,5.9145675
10/21/2021 0:00,Williamsburg Bridge,7.62525
10/21/2021 0:00,Manhattan Bridge,8.581935
10/21/2021 1:00,Broadway/35th St,5.41038
10/21/2021 1:00,Queens College,6.226965
10/21/2021 1:00,Cross Bronx Expy,7.04355
10/21/2021 1:00,Queensboro Bridge,5.60442
10/21/2021 1:00,Williamsburg Bridge,7.22142
10/21/2021 1:00,Manhattan Bridge,7.88439
10/21/2021 2:00,Broadway/35th St,5.410743
10/21/2021 2:00,Queens College,6.620793
10/21/2021 2:00,Cross Bronx Expy,7.137081
10/21/2021 2:00,Queensboro Bridge,5.612418
10/21/2021 2:00,Williamsburg Bridge,7.467828
10/21/2021 2:00,Manhattan Bridge,8.209992
10/21/2021 3:00,Broadway/35th St,5.443266
10/21/2021 3:00,Queens College,6.803547
10/21/2021 3:00,Cross Bronx Expy,7.688937
10/21/2021 3:00,Queensboro Bridge,6.545979
10/21/2021 3:00,Williamsburg Bridge,7.785525
10/21/2021 3:00,Manhattan Bridge,8.775552
10/21/2021 4:00,Broadway/35th St,5.4575805
10/21/2021 4:00,Queens College,7.1431455
10/21/2021 4:00,Cross Bronx Expy,7.9297425
10/21/2021 4:00,Queensboro Bridge,6.2120715
10/21/2021 4:00,Williamsburg Bridge,8.435412
10/21/2021 4:00,Manhattan Bridge,9.687546
10/21/2021 5:00,Broadway/35th St,5.7220035
10/21/2021 5:00,Queens College,8.260698
10/21/2021 5:00,Cross Bronx Expy,8.6531145
10/21/2021 5:00,Queensboro Bridge,5.9622585
10/21/2021 5:00,Williamsburg Bridge,9.1976925
10/21/2021 5:00,Manhattan Bridge,10.487061
10/21/2021 6:00,Broadway/35th St,6.1521
10/21/2021 6:00,Queens College,9.321684
10/21/2021 6:00,Cross Bronx Expy,8.529288
10/21/2021 6:00,Queensboro Bridge,6.19212
10/21/2021 6:00,Williamsburg Bridge,11.386716
10/21/2021 6:00,Manhattan Bridge,12.731388
10/21/2021 7:00,Broadway/35th St,7.33863
10/21/2021 7:00,Queens College,10.18485
10/21/2021 7:00,Cross Bronx Expy,9.505275
10/21/2021 7:00,Queensboro Bridge,7.490535
10/21/2021 7:00,Williamsburg Bridge,12.239565
10/21/2021 7:00,Manhattan Bridge,13.598715
10/21/2021 8:00,Broadway/35th St,7.926894
10/21/2021 8:00,Queens College,9.14145
10/21/2021 8:00,Cross Bronx Expy,9.509013
10/21/2021 8:00,Queensboro Bridge,8.4462765
10/21/2021 8:00,Williamsburg Bridge,14.0076645
10/21/2021 8:00,Manhattan Bridge,16.364862
10/21/2021 9:00,Broadway/35th St,8.726625
10/21/2021 9:00,Queens College,6.5341875
10/21/2021 9:00,Cross Bronx Expy,9.4680675
10/21/2021 9:00,Queensboro Bridge,8.1127425
10/21/2021 9:00,Williamsburg Bridge,15.12057
10/21/2021 9:00,Manhattan Bridge,17.09775
10/21/2021 10:00,Broadway/35th St,7.931784
10/21/2021 10:00,Queens College,7.5738315
10/21/2021 10:00,Cross Bronx Expy,9.490866
10/21/2021 10:00,Queensboro Bridge,8.2101915
10/21/2021 10:00,Williamsburg Bridge,11.622672
10/21/2021 10:00,Manhattan Bridge,12.9988005
10/21/2021 11:00,Broadway/35th St,7.997613
10/21/2021 11:00,Queens College,8.997612
10/21/2021 11:00,Cross Bronx Expy,8.1960255
10/21/2021 11:00,Queensboro Bridge,6.8626935
10/21/2021 11:00,Williamsburg Bridge,8.4658665
10/21/2021 11:00,Manhattan Bridge,10.727769
10/21/2021 12:00,Broadway/35th St,8.6091
10/21/2021 12:00,Queens College,6.817485
10/21/2021 12:00,Cross Bronx Expy,8.0145375
10/21/2021 12:00,Queensboro Bridge,6.3814725
10/21/2021 12:00,Williamsburg Bridge,7.7450025
10/21/2021 12:00,Manhattan Bridge,9.3305025
10/21/2021 13:00,Broadway/35th St,7.102875
10/21/2021 13:00,Queens College,6.6985725
10/21/2021 13:00,Cross Bronx Expy,7.388265
10/21/2021 13:00,Queensboro Bridge,6.310125
10/21/2021 13:00,Williamsburg Bridge,7.9035525
10/21/2021 13:00,Manhattan Bridge,10.03605
10/21/2021 14:00,Broadway/35th St,8.95791
10/21/2021 14:00,Queens College,5.3508975
10/21/2021 14:00,Cross Bronx Expy,7.49925
10/21/2021 14:00,Queensboro Bridge,7.2534975
10/21/2021 14:00,Williamsburg Bridge,9.9329925
10/21/2021 14:00,Manhattan Bridge,15.3554025
10/21/2021 15:00,Broadway/35th St,10.0055475
10/21/2021 15:00,Queens College,5.4817425
10/21/2021 15:00,Cross Bronx Expy,6.949995
10/21/2021 15:00,Queensboro Bridge,6.9738045
10/21/2021 15:00,Williamsburg Bridge,13.1642745
10/21/2021 15:00,Manhattan Bridge,9.1801515
10/21/2021 16:00,Broadway/35th St,8.818617
10/21/2021 16:00,Queens College,6.120516
10/21/2021 16:00,Cross Bronx Expy,7.815783
10/21/2021 16:00,Queensboro Bridge,7.44171
10/21/2021 16:00,Williamsburg Bridge,15.424587
10/21/2021 16:00,Manhattan Bridge,9.662271
10/21/2021 17:00,Broadway/35th St,36.133359
10/21/2021 17:00,Queens College,6.8641575
10/21/2021 17:00,Cross Bronx Expy,9.1654215
10/21/2021 17:00,Queensboro Bridge,7.9348845
10/21/2021 17:00,Williamsburg Bridge,10.627683
10/21/2021 17:00,Manhattan Bridge,11.139075
10/21/2021 18:00,Broadway/35th St,10.45809
10/21/2021 18:00,Queens College,7.664868
10/21/2021 18:00,Cross Bronx Expy,11.951019
10/21/2021 18:00,Queensboro Bridge,8.387253
10/21/2021 18:00,Williamsburg Bridge,10.730991
10/21/2021 18:00,Manhattan Bridge,10.6266465
10/21/2021 19:00,Broadway/35th St,9.870216
10/21/2021 19:00,Queens College,10.151931
10/21/2021 19:00,Cross Bronx Expy,10.15998
10/21/2021 19:00,Queensboro Bridge,7.391124
10/21/2021 19:00,Williamsburg Bridge,10.087539
10/21/2021 19:00,Manhattan Bridge,10.151931
10/21/2021 20:00,Broadway/35th St,9.86448
10/21/2021 20:00,Queens College,10.074456
10/21/2021 20:00,Cross Bronx Expy,11.754264
10/21/2021 20:00,Queensboro Bridge,8.919588
10/21/2021 20:00,Williamsburg Bridge,11.11626
10/21/2021 20:00,Manhattan Bridge,11.818872
10/21/2021 21:00,Broadway/35th St,8.011044
10/21/2021 21:00,Queens College,9.437172
10/21/2021 21:00,Cross Bronx Expy,10.855197
10/21/2021 21:00,Queensboro Bridge,8.853756
10/21/2021 21:00,Williamsburg Bridge,10.855197
10/21/2021 21:00,Manhattan Bridge,10.855197
10/21/2021 22:00,Broadway/35th St,7.86864
10/21/2021 22:00,Queens College,9.31578
10/21/2021 22:00,Cross Bronx Expy,10.35642
10/21/2021 22:00,Queensboro Bridge,8.59221
10/21/2021 22:00,Williamsburg Bridge,10.14504
10/21/2021 22:00,Manhattan Bridge,10.38081
10/21/2021 23:00,Broadway/35th St,7.91763
10/21/2021 23:00,Queens College,8.92854
10/21/2021 23:00,Cross Bronx Expy,12.1487775
10/21/2021 23:00,Queensboro Bridge,8.40678
10/21/2021 23:00,Williamsburg Bridge,10.5508875
10/21/2021 23:00,Manhattan Bridge,10.575345
10/22/2021 0:00,Broadway/35th St,7.702032
10/22/2021 0:00,Queens College,8.64981
10/22/2021 0:00,Cross Bronx Expy,10.5371955
10/22/2021 0:00,Queensboro Bridge,8.6252985
10/22/2021 0:00,Williamsburg Bridge,10.169523
10/22/2021 0:00,Manhattan Bridge,10.643412
10/22/2021 1:00,Broadway/35th St,7.654248
10/22/2021 1:00,Queens College,8.4972
10/22/2021 1:00,Cross Bronx Expy,9.962136
10/22/2021 1:00,Queensboro Bridge,7.997976
10/22/2021 1:00,Williamsburg Bridge,9.68388
10/22/2021 1:00,Manhattan Bridge,10.535016
10/22/2021 2:00,Broadway/35th St,7.51818
10/22/2021 2:00,Queens College,8.271522
10/22/2021 2:00,Cross Bronx Expy,10.2121965
10/22/2021 2:00,Queensboro Bridge,8.091375
10/22/2021 2:00,Williamsburg Bridge,9.8846565
10/22/2021 2:00,Manhattan Bridge,10.95735
10/22/2021 3:00,Broadway/35th St,7.233957
10/22/2021 3:00,Queens College,8.0600865
10/22/2021 3:00,Cross Bronx Expy,10.080423
10/22/2021 3:00,Queensboro Bridge,8.068266
10/22/2021 3:00,Williamsburg Bridge,9.8595765
10/22/2021 3:00,Manhattan Bridge,10.8574755
10/22/2021 4:00,Broadway/35th St,6.375972
10/22/2021 4:00,Queens College,7.551876
10/22/2021 4:00,Cross Bronx Expy,9.879186
10/22/2021 4:00,Queensboro Bridge,7.004754
10/22/2021 4:00,Williamsburg Bridge,9.193242
10/22/2021 4:00,Manhattan Bridge,10.703952
10/22/2021 5:00,Broadway/35th St,6.1974525
10/22/2021 5:00,Queens College,6.8496525
10/22/2021 5:00,Cross Bronx Expy,8.879625
10/22/2021 5:00,Queensboro Bridge,6.1322325
10/22/2021 5:00,Williamsburg Bridge,8.63505
10/22/2021 5:00,Manhattan Bridge,9.792705
10/22/2021 6:00,Broadway/35th St,6.5134545
10/22/2021 6:00,Queens College,6.6273375
10/22/2021 6:00,Cross Bronx Expy,8.506407
10/22/2021 6:00,Queensboro Bridge,7.465191
10/22/2021 6:00,Williamsburg Bridge,8.099682
10/22/2021 6:00,Manhattan Bridge,9.2954535
10/22/2021 7:00,Broadway/35th St,6.2483895
10/22/2021 7:00,Queens College,6.8496765
10/22/2021 7:00,Cross Bronx Expy,7.8734895
10/22/2021 7:00,Queensboro Bridge,6.727794
10/22/2021 7:00,Williamsburg Bridge,8.0847525
10/22/2021 7:00,Manhattan Bridge,8.6697885
10/22/2021 8:00,Broadway/35th St,5.60445
10/22/2021 8:00,Queens College,5.774991
10/22/2021 8:00,Cross Bronx Expy,7.967661
10/22/2021 8:00,Queensboro Bridge,5.945532
10/22/2021 8:00,Williamsburg Bridge,8.032629
10/22/2021 8:00,Manhattan Bridge,8.519889
10/22/2021 9:00,Broadway/35th St,5.24265
10/22/2021 9:00,Queens College,7.74669
10/22/2021 9:00,Cross Bronx Expy,6.55971
10/22/2021 9:00,Queensboro Bridge,4.97436
10/22/2021 9:00,Williamsburg Bridge,7.03125
10/22/2021 9:00,Manhattan Bridge,7.29954
10/22/2021 10:00,Broadway/35th St,5.5249965
10/22/2021 10:00,Queens College,5.907741
10/22/2021 10:00,Cross Bronx Expy,5.891454
10/22/2021 10:00,Queensboro Bridge,4.3523325
10/22/2021 10:00,Williamsburg Bridge,6.640656
10/22/2021 10:00,Manhattan Bridge,6.494073
10/22/2021 11:00,Broadway/35th St,5.05308
10/22/2021 11:00,Queens College,6.653616
10/22/2021 11:00,Cross Bronx Expy,5.224566
10/22/2021 11:00,Queensboro Bridge,4.138488
10/22/2021 11:00,Williamsburg Bridge,7.078248
10/22/2021 11:00,Manhattan Bridge,6.718944
10/22/2021 12:00,Broadway/35th St,6.275904
10/22/2021 12:00,Queens College,5.178042
10/22/2021 12:00,Cross Bronx Expy,4.73562
10/22/2021 12:00,Queensboro Bridge,4.293198
10/22/2021 12:00,Williamsburg Bridge,6.333255
10/22/2021 12:00,Manhattan Bridge,7.775223
10/22/2021 13:00,Broadway/35th St,5.975595
10/22/2021 13:00,Queens College,4.2914175
10/22/2021 13:00,Cross Bronx Expy,5.186907
10/22/2021 13:00,Queensboro Bridge,4.57896
10/22/2021 13:00,Williamsburg Bridge,6.3617235
10/22/2021 13:00,Manhattan Bridge,8.0705475
10/22/2021 14:00,Broadway/35th St,4.663263
10/22/2021 14:00,Queens College,4.168443
10/22/2021 14:00,Cross Bronx Expy,9.966084
10/22/2021 14:00,Queensboro Bridge,4.67151
10/22/2021 14:00,Williamsburg Bridge,5.751867
10/22/2021 14:00,Manhattan Bridge,7.714653
10/22/2021 15:00,Broadway/35th St,5.148555
10/22/2021 15:00,Queens College,4.140225
10/22/2021 15:00,Cross Bronx Expy,5.52048
10/22/2021 15:00,Queensboro Bridge,4.503885
10/22/2021 15:00,Williamsburg Bridge,5.727105
10/22/2021 15:00,Manhattan Bridge,8.140485
10/22/2021 16:00,Broadway/35th St,5.710482
10/22/2021 16:00,Queens College,4.244391
10/22/2021 16:00,Cross Bronx Expy,4.468032
10/22/2021 16:00,Queensboro Bridge,5.503407
10/22/2021 16:00,Williamsburg Bridge,7.855779
10/22/2021 16:00,Manhattan Bridge,6.778989
10/22/2021 17:00,Broadway/35th St,4.737624
10/22/2021 17:00,Queens College,4.3974675
10/22/2021 17:00,Cross Bronx Expy,4.754217
10/22/2021 17:00,Queensboro Bridge,5.003112
10/22/2021 17:00,Williamsburg Bridge,7.541841
10/22/2021 17:00,Manhattan Bridge,7.0523475
10/22/2021 18:00,Broadway/35th St,5.129283
10/22/2021 18:00,Queens College,4.257678
10/22/2021 18:00,Cross Bronx Expy,4.564815
10/22/2021 18:00,Queensboro Bridge,4.622922
10/22/2021 18:00,Williamsburg Bridge,7.34565
10/22/2021 18:00,Manhattan Bridge,6.43254
10/22/2021 19:00,Broadway/35th St,5.14935
10/22/2021 19:00,Queens College,4.26849
10/22/2021 19:00,Cross Bronx Expy,4.39314
10/22/2021 19:00,Queensboro Bridge,4.56765
10/22/2021 19:00,Williamsburg Bridge,7.6839
10/22/2021 19:00,Manhattan Bridge,5.94711
10/22/2021 20:00,Broadway/35th St,4.69824
10/22/2021 20:00,Queens College,3.632256
10/22/2021 20:00,Cross Bronx Expy,4.939752
10/22/2021 20:00,Queensboro Bridge,4.498368
10/22/2021 20:00,Williamsburg Bridge,8.004456
10/22/2021 20:00,Manhattan Bridge,5.680944
10/22/2021 21:00,Broadway/35th St,4.605459
10/22/2021 21:00,Queens College,3.970821
10/22/2021 21:00,Cross Bronx Expy,4.3966965
10/22/2021 21:00,Queensboro Bridge,3.7286565
10/22/2021 21:00,Williamsburg Bridge,7.9206075
10/22/2021 21:00,Manhattan Bridge,4.9311285
10/22/2021 22:00,Broadway/35th St,4.562376
10/22/2021 22:00,Queens College,4.71309
10/22/2021 22:00,Cross Bronx Expy,4.704717
10/22/2021 22:00,Queensboro Bridge,3.532497
10/22/2021 22:00,Williamsburg Bridge,7.601775
10/22/2021 22:00,Manhattan Bridge,4.554003
10/22/2021 23:00,Broadway/35th St,4.1172
10/22/2021 23:00,Queens College,3.7728
10/22/2021 23:00,Cross Bronx Expy,4.2684
10/22/2021 23:00,Queensboro Bridge,3.3612
10/22/2021 23:00,Williamsburg Bridge,5.7048
10/22/2021 23:00,Manhattan Bridge,4.2348
10/23/2021 0:00,Broadway/35th St,3.720615
10/23/2021 0:00,Queens College,3.1894305
10/23/2021 0:00,Cross Bronx Expy,4.243368
10/23/2021 0:00,Queensboro Bridge,3.653163
10/23/2021 0:00,Williamsburg Bridge,7.599105
10/23/2021 0:00,Manhattan Bridge,4.7239635
10/23/2021 1:00,Broadway/35th St,3.634137
10/23/2021 1:00,Queens College,3.109431
10/23/2021 1:00,Cross Bronx Expy,3.964194
10/23/2021 1:00,Queensboro Bridge,3.625674
10/23/2021 1:00,Williamsburg Bridge,5.199792
10/23/2021 1:00,Manhattan Bridge,4.480437
10/23/2021 2:00,Broadway/35th St,3.496818
10/23/2021 2:00,Queens College,3.088866
10/23/2021 2:00,Cross Bronx Expy,4.474203
10/23/2021 2:00,Queensboro Bridge,3.13986
10/23/2021 2:00,Williamsburg Bridge,5.630067
10/23/2021 2:00,Manhattan Bridge,4.100247
10/23/2021 3:00,Broadway/35th St,3.266469
10/23/2021 3:00,Queens College,3.0356595
10/23/2021 3:00,Cross Bronx Expy,3.728088
10/23/2021 3:00,Queensboro Bridge,3.386148
10/23/2021 3:00,Williamsburg Bridge,4.326483
10/23/2021 3:00,Manhattan Bridge,4.3863225
10/23/2021 4:00,Broadway/35th St,3.507867
10/23/2021 4:00,Queens College,2.965626
10/23/2021 4:00,Cross Bronx Expy,3.714435
10/23/2021 4:00,Queensboro Bridge,3.404583
10/23/2021 4:00,Williamsburg Bridge,4.721454
10/23/2021 4:00,Manhattan Bridge,4.127571
10/23/2021 5:00,Broadway/35th St,3.4664625
10/23/2021 5:00,Queens College,2.9465325
10/23/2021 5:00,Cross Bronx Expy,3.9863925
10/23/2021 5:00,Queensboro Bridge,3.3451455
10/23/2021 5:00,Williamsburg Bridge,4.584312
10/23/2021 5:00,Manhattan Bridge,4.8009495
10/23/2021 6:00,Broadway/35th St,3.4767
10/23/2021 6:00,Queens College,3.293496
10/23/2021 6:00,Cross Bronx Expy,3.712248
10/23/2021 6:00,Queensboro Bridge,3.380736
10/23/2021 6:00,Williamsburg Bridge,5.474496
10/23/2021 6:00,Manhattan Bridge,4.200792
10/23/2021 7:00,Broadway/35th St,3.724065
10/23/2021 7:00,Queens College,3.583545
10/23/2021 7:00,Cross Bronx Expy,3.7065
10/23/2021 7:00,Queensboro Bridge,3.618675
10/23/2021 7:00,Williamsburg Bridge,6.007515
10/23/2021 7:00,Manhattan Bridge,4.72527
10/23/2021 8:00,Broadway/35th St,4.1502885
10/23/2021 8:00,Queens College,3.805665
10/23/2021 8:00,Cross Bronx Expy,4.0619235
10/23/2021 8:00,Queensboro Bridge,3.6907905
10/23/2021 8:00,Williamsburg Bridge,6.244539
10/23/2021 8:00,Manhattan Bridge,4.795353
10/23/2021 9:00,Broadway/35th St,4.751925
10/23/2021 9:00,Queens College,4.0848
10/23/2021 9:00,Cross Bronx Expy,4.06701
10/23/2021 9:00,Queensboro Bridge,4.271595
10/23/2021 9:00,Williamsburg Bridge,7.14468
10/23/2021 9:00,Manhattan Bridge,6.77109
10/23/2021 10:00,Broadway/35th St,5.828814
10/23/2021 10:00,Queens College,4.986762
10/23/2021 10:00,Cross Bronx Expy,4.36866
10/23/2021 10:00,Queensboro Bridge,4.99572
10/23/2021 10:00,Williamsburg Bridge,8.256432
10/23/2021 10:00,Manhattan Bridge,8.686416
10/23/2021 11:00,Broadway/35th St,6.9230505
10/23/2021 11:00,Queens College,5.397741
10/23/2021 11:00,Cross Bronx Expy,4.83816
10/23/2021 11:00,Queensboro Bridge,5.5511745
10/23/2021 11:00,Williamsburg Bridge,8.8364565
10/23/2021 11:00,Manhattan Bridge,7.491657
10/23/2021 12:00,Broadway/35th St,5.965128
10/23/2021 12:00,Queens College,5.22024
10/23/2021 12:00,Cross Bronx Expy,4.775124
10/23/2021 12:00,Queensboro Bridge,5.520012
10/23/2021 12:00,Williamsburg Bridge,9.253536
10/23/2021 12:00,Manhattan Bridge,8.408724
10/23/2021 13:00,Broadway/35th St,5.078274
10/23/2021 13:00,Queens College,6.002121
10/23/2021 13:00,Cross Bronx Expy,9.304188
10/23/2021 13:00,Queensboro Bridge,5.489889
10/23/2021 13:00,Williamsburg Bridge,8.508399
10/23/2021 13:00,Manhattan Bridge,8.746221
10/23/2021 14:00,Broadway/35th St,5.952435
10/23/2021 14:00,Queens College,7.047354
10/23/2021 14:00,Cross Bronx Expy,13.626069
10/23/2021 14:00,Queensboro Bridge,5.685606
10/23/2021 14:00,Williamsburg Bridge,9.448815
10/23/2021 14:00,Manhattan Bridge,8.188278
10/23/2021 15:00,Broadway/35th St,5.3634345
10/23/2021 15:00,Queens College,5.9739675
10/23/2021 15:00,Cross Bronx Expy,5.742705
10/23/2021 15:00,Queensboro Bridge,5.021166
10/23/2021 15:00,Williamsburg Bridge,7.13028
10/23/2021 15:00,Manhattan Bridge,7.6020555
10/23/2021 16:00,Broadway/35th St,5.166243
10/23/2021 16:00,Queens College,4.069374
10/23/2021 16:00,Cross Bronx Expy,6.9974565
10/23/2021 16:00,Queensboro Bridge,4.8409005
10/23/2021 16:00,Williamsburg Bridge,8.0013705
10/23/2021 16:00,Manhattan Bridge,7.71321
10/23/2021 17:00,Broadway/35th St,5.645274
10/23/2021 17:00,Queens College,4.245549
10/23/2021 17:00,Cross Bronx Expy,5.4679755
10/23/2021 17:00,Queensboro Bridge,5.6172795
10/23/2021 17:00,Williamsburg Bridge,8.2114365
10/23/2021 17:00,Manhattan Bridge,8.0621325
10/23/2021 18:00,Broadway/35th St,6.603411
10/23/2021 18:00,Queens College,5.030427
10/23/2021 18:00,Cross Bronx Expy,6.837486
10/23/2021 18:00,Queensboro Bridge,6.556596
10/23/2021 18:00,Williamsburg Bridge,8.588367
10/23/2021 18:00,Manhattan Bridge,9.758742
10/23/2021 19:00,Broadway/35th St,7.4901
10/23/2021 19:00,Queens College,5.94075
10/23/2021 19:00,Cross Bronx Expy,7.13328
10/23/2021 19:00,Queensboro Bridge,6.27879
10/23/2021 19:00,Williamsburg Bridge,10.25076
10/23/2021 19:00,Manhattan Bridge,8.91738
10/23/2021 20:00,Broadway/35th St,8.0587125
10/23/2021 20:00,Queens College,5.3855625
10/23/2021 20:00,Cross Bronx Expy,5.131425
10/23/2021 20:00,Queensboro Bridge,5.357325
10/23/2021 20:00,Williamsburg Bridge,9.8094375
10/23/2021 20:00,Manhattan Bridge,7.5692625
10/23/2021 21:00,Broadway/35th St,5.78061
10/23/2021 21:00,Queens College,3.884175
10/23/2021 21:00,Cross Bronx Expy,4.32762
10/23/2021 21:00,Queensboro Bridge,3.51621
10/23/2021 21:00,Williamsburg Bridge,7.87518
10/23/2021 21:00,Manhattan Bridge,5.676825
10/23/2021 22:00,Broadway/35th St,5.1750075
10/23/2021 22:00,Queens College,3.103815
10/23/2021 22:00,Cross Bronx Expy,5.5343925
10/23/2021 22:00,Queensboro Bridge,4.200885
10/23/2021 22:00,Williamsburg Bridge,7.8609375
10/23/2021 22:00,Manhattan Bridge,4.7399625
10/23/2021 23:00,Broadway/35th St,5.1652455
10/23/2021 23:00,Queens College,3.7425705
10/23/2021 23:00,Cross Bronx Expy,6.559467
10/23/2021 23:00,Queensboro Bridge,4.7099895
10/23/2021 23:00,Williamsburg Bridge,6.995754
10/23/2021 23:00,Manhattan Bridge,5.6774085
10/24/2021 0:00,Broadway/35th St,5.496111
10/24/2021 0:00,Queens College,4.364778
10/24/2021 0:00,Cross Bronx Expy,10.962636
10/24/2021 0:00,Queensboro Bridge,4.745058
10/24/2021 0:00,Williamsburg Bridge,7.150329
10/24/2021 0:00,Manhattan Bridge,6.066531
10/24/2021 1:00,Broadway/35th St,5.8094475
10/24/2021 1:00,Queens College,5.1423825
10/24/2021 1:00,Cross Bronx Expy,7.6200525
10/24/2021 1:00,Queensboro Bridge,4.8564975
10/24/2021 1:00,Williamsburg Bridge,7.5438165
10/24/2021 1:00,Manhattan Bridge,6.4955715
10/24/2021 2:00,Broadway/35th St,5.426928
10/24/2021 2:00,Queens College,5.379168
10/24/2021 2:00,Cross Bronx Expy,7.117632
10/24/2021 2:00,Queensboro Bridge,4.519488
10/24/2021 2:00,Williamsburg Bridge,6.91704
10/24/2021 2:00,Manhattan Bridge,6.171984
10/24/2021 3:00,Broadway/35th St,5.645757
10/24/2021 3:00,Queens College,5.454267
10/24/2021 3:00,Cross Bronx Expy,6.9766125
10/24/2021 3:00,Queensboro Bridge,4.611711
10/24/2021 3:00,Williamsburg Bridge,7.1681025
10/24/2021 3:00,Manhattan Bridge,6.3446955
10/24/2021 4:00,Broadway/35th St,5.844555
10/24/2021 4:00,Queens College,5.2018575
10/24/2021 4:00,Cross Bronx Expy,6.47766
10/24/2021 4:00,Queensboro Bridge,4.82775
10/24/2021 4:00,Williamsburg Bridge,6.036405
10/24/2021 4:00,Manhattan Bridge,5.8157775
10/24/2021 5:00,Broadway/35th St,5.368134
10/24/2021 5:00,Queens College,5.3009235
10/24/2021 5:00,Cross Bronx Expy,6.654735
10/24/2021 5:00,Queensboro Bridge,4.7248335
10/24/2021 5:00,Williamsburg Bridge,6.481908
10/24/2021 5:00,Manhattan Bridge,5.8002015
10/24/2021 6:00,Broadway/35th St,5.388948
10/24/2021 6:00,Queens College,5.475402
10/24/2021 6:00,Cross Bronx Expy,6.65694
10/24/2021 6:00,Queensboro Bridge,4.995102
10/24/2021 6:00,Williamsburg Bridge,6.964332
10/24/2021 6:00,Manhattan Bridge,6.56088
10/24/2021 7:00,Broadway/35th St,5.967189
10/24/2021 7:00,Queens College,5.8999155
10/24/2021 7:00,Cross Bronx Expy,7.178112
10/24/2021 7:00,Queensboro Bridge,5.698095
10/24/2021 7:00,Williamsburg Bridge,7.120449
10/24/2021 7:00,Manhattan Bridge,6.332388
10/24/2021 8:00,Broadway/35th St,5.940225
10/24/2021 8:00,Queens College,5.75754
10/24/2021 8:00,Cross Bronx Expy,6.786345
10/24/2021 8:00,Queensboro Bridge,6.27675
10/24/2021 8:00,Williamsburg Bridge,7.27671
10/24/2021 8:00,Manhattan Bridge,6.709425
10/24/2021 9:00,Broadway/35th St,6.85365
10/24/2021 9:00,Queens College,6.151755
10/24/2021 9:00,Cross Bronx Expy,7.27671
10/24/2021 9:00,Queensboro Bridge,7.094025
10/24/2021 9:00,Williamsburg Bridge,8.459355
10/24/2021 9:00,Manhattan Bridge,7.08441
10/24/2021 10:00,Broadway/35th St,6.090186
10/24/2021 10:00,Queens College,5.542644
10/24/2021 10:00,Cross Bronx Expy,6.090186
10/24/2021 10:00,Queensboro Bridge,5.725158
10/24/2021 10:00,Williamsburg Bridge,7.540692
10/24/2021 10:00,Manhattan Bridge,8.38602
10/24/2021 11:00,Broadway/35th St,7.050816
10/24/2021 11:00,Queens College,6.12078
10/24/2021 11:00,Cross Bronx Expy,6.178308
10/24/2021 11:00,Queensboro Bridge,6.197484
10/24/2021 11:00,Williamsburg Bridge,7.328868
10/24/2021 11:00,Manhattan Bridge,9.76422
10/24/2021 12:00,Broadway/35th St,8.722353
10/24/2021 12:00,Queens College,6.634131
10/24/2021 12:00,Cross Bronx Expy,8.051823
10/24/2021 12:00,Queensboro Bridge,7.592031
10/24/2021 12:00,Williamsburg Bridge,8.521194
10/24/2021 12:00,Manhattan Bridge,10.044255
10/24/2021 13:00,Broadway/35th St,9.29019
10/24/2021 13:00,Queens College,6.28521
10/24/2021 13:00,Cross Bronx Expy,10.41945
10/24/2021 13:00,Queensboro Bridge,7.00296
10/24/2021 13:00,Williamsburg Bridge,7.60587
10/24/2021 13:00,Manhattan Bridge,9.75912
10/24/2021 14:00,Broadway/35th St,8.73513
10/24/2021 14:00,Queens College,5.55789
10/24/2021 14:00,Cross Bronx Expy,8.39061
10/24/2021 14:00,Queensboro Bridge,6.88812
10/24/2021 14:00,Williamsburg Bridge,7.38576
10/24/2021 14:00,Manhattan Bridge,8.91696
10/24/2021 15:00,Broadway/35th St,8.6617245
10/24/2021 15:00,Queens College,5.454267
10/24/2021 15:00,Cross Bronx Expy,8.115978
10/24/2021 15:00,Queensboro Bridge,7.101081
10/24/2021 15:00,Williamsburg Bridge,7.2638475
10/24/2021 15:00,Manhattan Bridge,9.5808765
10/24/2021 16:00,Broadway/35th St,9.3702375
10/24/2021 16:00,Queens College,5.664906
10/24/2021 16:00,Cross Bronx Expy,9.41811
10/24/2021 16:00,Queensboro Bridge,6.660654
10/24/2021 16:00,Williamsburg Bridge,7.9532115
10/24/2021 16:00,Manhattan Bridge,10.18407
10/24/2021 17:00,Broadway/35th St,13.780065
10/24/2021 17:00,Queens College,5.791179
10/24/2021 17:00,Cross Bronx Expy,8.84688
10/24/2021 17:00,Queensboro Bridge,8.444562
10/24/2021 17:00,Williamsburg Bridge,10.302888
10/24/2021 17:00,Manhattan Bridge,8.6553
10/24/2021 18:00,Broadway/35th St,12.937848
10/24/2021 18:00,Queens College,6.197484
10/24/2021 18:00,Cross Bronx Expy,8.383548
10/24/2021 18:00,Queensboro Bridge,8.824596
10/24/2021 18:00,Williamsburg Bridge,10.109388
10/24/2021 18:00,Manhattan Bridge,9.754632
10/24/2021 19:00,Broadway/35th St,11.153523
10/24/2021 19:00,Queens College,6.383814
10/24/2021 19:00,Cross Bronx Expy,9.608406
10/24/2021 19:00,Queensboro Bridge,7.756185
10/24/2021 19:00,Williamsburg Bridge,7.938528
10/24/2021 19:00,Manhattan Bridge,8.264826
10/24/2021 20:00,Broadway/35th St,8.3926065
10/24/2021 20:00,Queens College,4.8784575
10/24/2021 20:00,Cross Bronx Expy,8.2581855
10/24/2021 20:00,Queensboro Bridge,5.98263
10/24/2021 20:00,Williamsburg Bridge,7.230825
10/24/2021 20:00,Manhattan Bridge,7.5860805
10/24/2021 21:00,Broadway/35th St,7.8685725
10/24/2021 21:00,Queens College,5.0867475
10/24/2021 21:00,Cross Bronx Expy,8.415345
10/24/2021 21:00,Queensboro Bridge,5.4704475
10/24/2021 21:00,Williamsburg Bridge,6.765435
10/24/2021 21:00,Manhattan Bridge,6.9860625
10/24/2021 22:00,Broadway/35th St,7.285503
10/24/2021 22:00,Queens College,5.87739
10/24/2021 22:00,Cross Bronx Expy,8.760669
10/24/2021 22:00,Queensboro Bridge,6.212655
10/24/2021 22:00,Williamsburg Bridge,8.090139
10/24/2021 22:00,Manhattan Bridge,7.438767
10/24/2021 23:00,Broadway/35th St,6.831072
10/24/2021 23:00,Queens College,6.850176
10/24/2021 23:00,Cross Bronx Expy,9.438768
10/24/2021 23:00,Queensboro Bridge,7.050768
10/24/2021 23:00,Williamsburg Bridge,9.171312
10/24/2021 23:00,Manhattan Bridge,7.986864
10/25/2021 0:00,Broadway/35th St,6.3854025
10/25/2021 0:00,Queens College,4.735242
10/25/2021 0:00,Cross Bronx Expy,7.692177
10/25/2021 0:00,Queensboro Bridge,6.108786
10/25/2021 0:00,Williamsburg Bridge,7.5490995
10/25/2021 0:00,Manhattan Bridge,7.024482
10/25/2021 2:00,Broadway/35th St,6.062634
10/25/2021 2:00,Queens College,4.191528
10/25/2021 2:00,Cross Bronx Expy,6.727494
10/25/2021 2:00,Queensboro Bridge,7.259382
10/25/2021 2:00,Williamsburg Bridge,9.519906
10/25/2021 2:00,Manhattan Bridge,7.905246
10/25/2021 3:00,Broadway/35th St,7.0524435
10/25/2021 3:00,Queens College,4.827816
10/25/2021 3:00,Cross Bronx Expy,8.4156195
10/25/2021 3:00,Queensboro Bridge,8.046426
10/25/2021 3:00,Williamsburg Bridge,8.860545
10/25/2021 3:00,Manhattan Bridge,9.447468
10/25/2021 4:00,Broadway/35th St,7.0470315
10/25/2021 4:00,Queens College,5.2381035
10/25/2021 4:00,Cross Bronx Expy,8.676951
10/25/2021 4:00,Queensboro Bridge,8.16819
10/25/2021 4:00,Williamsburg Bridge,9.072654
10/25/2021 4:00,Manhattan Bridge,9.2516625
10/25/2021 5:00,Broadway/35th St,7.6415355
10/25/2021 5:00,Queens College,5.813118
10/25/2021 5:00,Cross Bronx Expy,11.232735
10/25/2021 5:00,Queensboro Bridge,7.050816
10/25/2021 5:00,Williamsburg Bridge,8.9167395
10/25/2021 5:00,Manhattan Bridge,9.5168355
10/25/2021 6:00,Broadway/35th St,8.497554
10/25/2021 6:00,Queens College,6.70677
10/25/2021 6:00,Cross Bronx Expy,11.640753
10/25/2021 6:00,Queensboro Bridge,7.583508
10/25/2021 6:00,Williamsburg Bridge,10.773342
10/25/2021 6:00,Manhattan Bridge,10.176414
10/25/2021 7:00,Broadway/35th St,10.0414005
10/25/2021 7:00,Queens College,7.418415
10/25/2021 7:00,Cross Bronx Expy,12.9517095
10/25/2021 7:00,Queensboro Bridge,9.1516245
10/25/2021 7:00,Williamsburg Bridge,12.6365805
10/25/2021 7:00,Manhattan Bridge,14.425401
10/25/2021 8:00,Broadway/35th St,10.8837
10/25/2021 8:00,Queens College,7.31022
10/25/2021 8:00,Cross Bronx Expy,13.25067
10/25/2021 8:00,Queensboro Bridge,10.09164
10/25/2021 8:00,Williamsburg Bridge,11.49156
10/25/2021 8:00,Manhattan Bridge,13.61907
10/25/2021 9:00,Broadway/35th St,10.575621
10/25/2021 9:00,Queens College,7.584552
10/25/2021 9:00,Cross Bronx Expy,12.825783
10/25/2021 9:00,Queensboro Bridge,9.349923
10/25/2021 9:00,Williamsburg Bridge,11.206764
10/25/2021 9:00,Manhattan Bridge,12.551373
10/25/2021 10:00,Broadway/35th St,19.3363005
10/25/2021 10:00,Queens College,7.7393745
10/25/2021 10:00,Cross Bronx Expy,12.31089
10/25/2021 10:00,Queensboro Bridge,10.729491
10/25/2021 10:00,Williamsburg Bridge,15.128325
10/25/2021 10:00,Manhattan Bridge,14.837493
10/25/2021 11:00,Broadway/35th St,14.2517565
10/25/2021 11:00,Queens College,7.672167
10/25/2021 11:00,Cross Bronx Expy,12.455682
10/25/2021 11:00,Queensboro Bridge,9.098196
10/25/2021 11:00,Williamsburg Bridge,11.6524125
10/25/2021 11:00,Manhattan Bridge,12.8257275
10/25/2021 12:00,Broadway/35th St,16.2631125
10/25/2021 12:00,Queens College,10.8408
10/25/2021 12:00,Cross Bronx Expy,11.7729
10/25/2021 12:00,Queensboro Bridge,8.65395
10/25/2021 12:00,Williamsburg Bridge,10.6974
10/25/2021 12:00,Manhattan Bridge,12.2837625
10/25/2021 13:00,Broadway/35th St,14.29626
10/25/2021 13:00,Queens College,6.904515
10/25/2021 13:00,Cross Bronx Expy,11.156325
10/25/2021 13:00,Queensboro Bridge,9.56412
10/25/2021 13:00,Williamsburg Bridge,11.102955
10/25/2021 13:00,Manhattan Bridge,12.259305
10/25/2021 14:00,Broadway/35th St,17.0538525
10/25/2021 14:00,Queens College,6.57561
10/25/2021 14:00,Cross Bronx Expy,10.2390225
10/25/2021 14:00,Queensboro Bridge,9.2326875
10/25/2021 14:00,Williamsburg Bridge,10.0977825
10/25/2021 14:00,Manhattan Bridge,13.337475
10/25/2021 15:00,Broadway/35th St,11.76996
10/25/2021 15:00,Queens College,6.62784
10/25/2021 15:00,Cross Bronx Expy,10.1844
10/25/2021 15:00,Queensboro Bridge,9.94788
10/25/2021 15:00,Williamsburg Bridge,10.3596
10/25/2021 15:00,Manhattan Bridge,11.64732
10/25/2021 16:00,Broadway/35th St,14.120988
10/25/2021 16:00,Queens College,7.121364
10/25/2021 16:00,Cross Bronx Expy,9.950814
10/25/2021 16:00,Queensboro Bridge,10.151052
10/25/2021 16:00,Williamsburg Bridge,12.884736
10/25/2021 16:00,Manhattan Bridge,12.667086
10/25/2021 17:00,Broadway/35th St,16.1553165
10/25/2021 17:00,Queens College,6.589884
10/25/2021 17:00,Cross Bronx Expy,11.7405015
10/25/2021 17:00,Queensboro Bridge,10.9094775
10/25/2021 17:00,Williamsburg Bridge,12.6407775
10/25/2021 17:00,Manhattan Bridge,13.54971
10/25/2021 18:00,Broadway/35th St,13.33971
10/25/2021 18:00,Queens College,6.6899775
10/25/2021 18:00,Cross Bronx Expy,10.8966
10/25/2021 18:00,Queensboro Bridge,10.8535875
10/25/2021 18:00,Williamsburg Bridge,12.2127825
10/25/2021 18:00,Manhattan Bridge,12.30741
10/25/2021 19:00,Broadway/35th St,11.4573825
10/25/2021 19:00,Queens College,5.8950075
10/25/2021 19:00,Cross Bronx Expy,10.0539525
10/25/2021 19:00,Queensboro Bridge,7.87179
10/25/2021 19:00,Williamsburg Bridge,8.69331
10/25/2021 19:00,Manhattan Bridge,8.641965
10/25/2021 20:00,Broadway/35th St,9.535122
10/25/2021 20:00,Queens College,5.2578615
10/25/2021 20:00,Cross Bronx Expy,10.045332
10/25/2021 20:00,Queensboro Bridge,7.3327155
10/25/2021 20:00,Williamsburg Bridge,7.9619745
10/25/2021 20:00,Manhattan Bridge,7.3327155
10/25/2021 21:00,Broadway/35th St,7.6256535
10/25/2021 21:00,Queens College,5.079645
10/25/2021 21:00,Cross Bronx Expy,9.613401
10/25/2021 21:00,Queensboro Bridge,6.5260485
10/25/2021 21:00,Williamsburg Bridge,6.8982225
10/25/2021 21:00,Manhattan Bridge,6.51759
10/25/2021 22:00,Broadway/35th St,4.692801
10/25/2021 22:00,Queens College,6.2492985
10/25/2021 22:00,Cross Bronx Expy,7.418775
10/25/2021 22:00,Queensboro Bridge,NA
10/25/2021 22:00,Williamsburg Bridge,5.921172
10/25/2021 22:00,Manhattan Bridge,5.4247755
10/25/2021 23:00,Broadway/35th St,5.927334
10/25/2021 23:00,Queens College,6.304929
10/25/2021 23:00,Cross Bronx Expy,5.256054
10/25/2021 23:00,Queensboro Bridge,5.499393
10/25/2021 23:00,Williamsburg Bridge,7.613925
10/25/2021 23:00,Manhattan Bridge,6.539877
10/26/2021 0:00,Broadway/35th St,4.0482345
10/26/2021 0:00,Queens College,3.9312015
10/26/2021 0:00,Cross Bronx Expy,4.1318295
10/26/2021 0:00,Queensboro Bridge,NA
10/26/2021 0:00,Williamsburg Bridge,5.260362
10/26/2021 0:00,Manhattan Bridge,4.5665235
10/26/2021 1:00,Broadway/35th St,3.067761
10/26/2021 1:00,Queens College,2.734101
10/26/2021 1:00,Cross Bronx Expy,3.11781
10/26/2021 1:00,Queensboro Bridge,3.034395
10/26/2021 1:00,Williamsburg Bridge,3.418104
10/26/2021 1:00,Manhattan Bridge,3.234591
10/26/2021 2:00,Broadway/35th St,2.899905
10/26/2021 2:00,Queens College,2.3416275
10/26/2021 2:00,Cross Bronx Expy,2.9499
10/26/2021 2:00,Queensboro Bridge,NA
10/26/2021 2:00,Williamsburg Bridge,3.41652
10/26/2021 2:00,Manhattan Bridge,2.899905
10/26/2021 3:00,Broadway/35th St,3.008799
10/26/2021 3:00,Queens College,2.350176
10/26/2021 3:00,Cross Bronx Expy,3.20055
10/26/2021 3:00,Queensboro Bridge,2.792037
10/26/2021 3:00,Williamsburg Bridge,3.308931
10/26/2021 3:00,Manhattan Bridge,2.983788
10/26/2021 4:00,Broadway/35th St,3.9624705
10/26/2021 4:00,Queens College,2.718246
10/26/2021 4:00,Cross Bronx Expy,3.486492
10/26/2021 4:00,Queensboro Bridge,NA
10/26/2021 4:00,Williamsburg Bridge,4.605459
10/26/2021 4:00,Manhattan Bridge,4.1628825
10/26/2021 5:00,Broadway/35th St,5.1851265
10/26/2021 5:00,Queens College,2.5268055
10/26/2021 5:00,Cross Bronx Expy,3.421272
10/26/2021 5:00,Queensboro Bridge,3.6469785
10/26/2021 5:00,Williamsburg Bridge,5.5362255
10/26/2021 5:00,Manhattan Bridge,4.4494905
10/26/2021 6:00,Broadway/35th St,4.3852335
10/26/2021 6:00,Queens College,2.485584
10/26/2021 6:00,Cross Bronx Expy,3.1466955
10/26/2021 6:00,Queensboro Bridge,NA
10/26/2021 6:00,Williamsburg Bridge,4.276443
10/26/2021 6:00,Manhattan Bridge,3.5985945
10/26/2021 7:00,Broadway/35th St,5.019459
10/26/2021 7:00,Queens College,2.671239
10/26/2021 7:00,Cross Bronx Expy,3.4176375
10/26/2021 7:00,Queensboro Bridge,3.9040545
10/26/2021 7:00,Williamsburg Bridge,4.3736985
10/26/2021 7:00,Manhattan Bridge,4.650453
10/26/2021 8:00,Broadway/35th St,5.98416
10/26/2021 8:00,Queens College,2.555124
10/26/2021 8:00,Cross Bronx Expy,3.109821
10/26/2021 8:00,Queensboro Bridge,NA
10/26/2021 8:00,Williamsburg Bridge,6.068205
10/26/2021 8:00,Manhattan Bridge,5.4714855
